epoch,time,train/box_loss,train/seg_loss,train/cls_loss,train/dfl_loss,train/sem_loss,train/kpt_loss,metrics/precision(B),metrics/recall(B),metrics/mAP50(B),metrics/mAP50-95(B),metrics/precision(M),metrics/recall(M),metrics/mAP50(M),metrics/mAP50-95(M),val/box_loss,val/seg_loss,val/cls_loss,val/dfl_loss,val/sem_loss,val/kpt_loss,lr/pg0,lr/pg1,lr/pg2
1,95.9224,0.35502,0.13011,0.16585,0.00366,0.04324,57.5052,0.77508,0.80418,0.85296,0.22734,0.6981,0.69386,0.74683,0.48614,2.85789,9.77944,2.24923,0.07072,0,66.5426,0.000663043,0.000663043,0.000663043
2,163.114,0.65864,0.16146,0.28113,0.00781,0.12109,19.6169,0.80772,0.73333,0.85525,0.25491,0.70806,0.6,0.71997,0.4169,2.59003,9.75963,1.45771,0.055,0,39.722,0.00131655,0.00131655,0.00131655
3,230.506,0.56812,0.17602,0.26121,0.00645,0.11203,10.3061,0.96651,0.9622,0.98768,0.28419,0.96651,0.9622,0.98768,0.98768,2.56578,0.12033,1.10408,0.04352,0,4.77224,0.00195685,0.00195685,0.00195685
4,297.375,0.58719,0.1707,0.26748,0.00649,0.11272,7.57135,0.93466,0.96667,0.98896,0.31481,0.93466,0.96667,0.98896,0.98896,2.43266,0.24467,1.40653,0.04255,0,2.90759,0.0019406,0.0019406,0.0019406
5,364.572,0.62183,0.1671,0.26338,0.00673,0.07823,6.35622,0.99569,1,0.995,0.35989,0.99569,1,0.995,0.95521,2.28482,2.37487,0.75136,0.04105,0,3.87499,0.0019208,0.0019208,0.0019208
6,432.057,0.60115,0.18214,0.2543,0.0065,0.08016,6.35554,0.99939,1,0.995,0.24339,0.99939,1,0.995,0.98957,2.71308,0.37159,0.94033,0.04969,0,1.35308,0.001901,0.001901,0.001901
7,498.788,0.51526,0.1591,0.21646,0.00547,0.06386,4.30734,0.99843,1,0.995,0.28523,0.99843,1,0.995,0.995,2.58783,0.18862,0.90478,0.04634,0,0.83227,0.0018812,0.0018812,0.0018812
8,565.543,0.51827,0.15528,0.22068,0.00575,0.06102,4.0929,0.99807,1,0.995,0.24922,0.99807,1,0.995,0.995,2.69332,0.29083,0.79801,0.0483,0,0.70436,0.0018614,0.0018614,0.0018614
9,632.209,0.46207,0.15356,0.21589,0.00497,0.06106,3.00826,0.99805,1,0.995,0.29279,0.99805,1,0.995,0.995,2.53493,0.19782,1.1199,0.04377,0,0.89986,0.0018416,0.0018416,0.0018416
10,698.859,0.4339,0.15129,0.19907,0.00458,0.05128,2.82976,1,0.99341,0.995,0.25018,1,0.99341,0.995,0.995,2.73774,0.24429,0.97387,0.0497,0,0.65754,0.0018218,0.0018218,0.0018218
11,765.294,0.43297,0.14792,0.18286,0.00465,0.04332,2.58903,0.907,1,0.98776,0.26245,0.907,1,0.98776,0.98776,2.6272,0.25482,1.15456,0.04565,0,0.4969,0.001802,0.001802,0.001802
12,832.32,0.44603,0.14906,0.19161,0.00467,0.04706,3.76218,0.99918,1,0.995,0.28277,0.99918,1,0.995,0.995,2.57301,0.21209,0.89169,0.04598,0,0.60399,0.0017822,0.0017822,0.0017822
13,899.207,0.38858,0.14501,0.18466,0.00396,0.05307,3.05623,0.99489,1,0.995,0.28381,0.99489,1,0.995,0.995,2.55199,0.26542,1.0446,0.04421,0,0.61535,0.0017624,0.0017624,0.0017624
14,965.827,0.37501,0.14073,0.17822,0.00376,0.04205,2.07912,0.99077,0.96667,0.99312,0.28667,0.99077,0.96667,0.99312,0.99312,2.53223,0.20238,0.97067,0.04501,0,0.50926,0.0017426,0.0017426,0.0017426
15,1032,0.39463,0.14567,0.1773,0.00404,0.04713,2.71142,1,0.99993,0.995,0.32713,1,0.99993,0.995,0.995,2.42402,0.19981,0.80778,0.0425,0,0.58985,0.0017228,0.0017228,0.0017228
16,1098.91,0.40131,0.15293,0.18406,0.00423,0.04641,2.36657,1,0.99497,0.995,0.27421,1,0.99497,0.995,0.995,2.66874,0.27425,1.03399,0.04802,0,0.59816,0.001703,0.001703,0.001703
17,1165.4,0.40306,0.15583,0.18916,0.00403,0.05077,2.51804,1,0.99802,0.995,0.28577,1,0.99802,0.995,0.995,2.59852,0.69803,0.92131,0.04615,0,0.56355,0.0016832,0.0016832,0.0016832
18,1231.84,0.39741,0.14886,0.18934,0.00395,0.05125,2.07624,1,0.98577,0.995,0.29287,1,0.98577,0.995,0.995,2.5447,0.25734,1.06274,0.04449,0,0.82152,0.0016634,0.0016634,0.0016634
19,1298.14,0.38524,0.14013,0.17848,0.00395,0.04695,2.30316,0.99891,0.96667,0.99312,0.28485,0.99891,0.96667,0.99312,0.99312,2.58077,0.7307,1.02001,0.04555,0,0.60257,0.0016436,0.0016436,0.0016436
20,1364.6,0.35804,0.14491,0.16143,0.00375,0.03988,1.86506,1,0.9965,0.995,0.28147,1,0.9965,0.995,0.995,2.58533,0.22715,0.94544,0.04455,0,0.68605,0.0016238,0.0016238,0.0016238
21,1430.98,0.33712,0.13274,0.14177,0.00344,0.03736,1.42525,1,0.99744,0.995,0.28482,1,0.99744,0.995,0.995,2.57239,0.24493,0.99664,0.04567,0,0.37284,0.001604,0.001604,0.001604
22,1497.53,0.34265,0.13481,0.14663,0.00341,0.03404,1.79002,0.99814,1,0.995,0.29196,0.99814,1,0.995,0.995,2.57659,0.2192,0.94684,0.04587,0,0.23493,0.0015842,0.0015842,0.0015842
23,1564.4,0.3152,0.14026,0.14109,0.00311,0.03563,2.18893,0.9974,1,0.995,0.28603,0.9974,1,0.995,0.995,2.59929,0.19848,1.07284,0.04574,0,0.25961,0.0015644,0.0015644,0.0015644
24,1631.28,0.31762,0.13309,0.14069,0.00326,0.03213,1.57926,1,0.99414,0.995,0.26873,1,0.99414,0.995,0.995,2.68137,0.21658,1.24115,0.04844,0,0.37341,0.0015446,0.0015446,0.0015446
25,1697.78,0.3163,0.1306,0.14344,0.00317,0.0311,1.63925,1,0.96626,0.99312,0.29205,1,0.96626,0.99312,0.99312,2.58313,0.28798,0.8806,0.04544,0,0.27247,0.0015248,0.0015248,0.0015248
26,1764.25,0.29712,0.12447,0.12243,0.00301,0.03202,1.69046,0.99831,1,0.995,0.27889,0.99831,1,0.995,0.995,2.63015,0.1583,1.13101,0.04705,0,0.19162,0.001505,0.001505,0.001505
27,1830.45,0.29129,0.12953,0.12975,0.00298,0.03613,1.73293,0.99155,1,0.995,0.30564,0.99155,1,0.995,0.995,2.53572,0.19813,1.00199,0.0447,0,0.27554,0.0014852,0.0014852,0.0014852
28,1896.82,0.3028,0.12855,0.13009,0.00295,0.03158,1.82216,0.99953,1,0.995,0.30108,0.99953,1,0.995,0.995,2.54604,0.24232,0.94669,0.04457,0,0.23565,0.0014654,0.0014654,0.0014654
29,1963.51,0.30802,0.14542,0.12988,0.00308,0.03495,1.9157,0.97132,1,0.995,0.29215,0.97132,1,0.995,0.995,2.53618,0.22571,1.1063,0.04422,0,0.18294,0.0014456,0.0014456,0.0014456
30,2029.77,0.28697,0.13477,0.12391,0.00286,0.03358,1.607,0.99837,1,0.995,0.3032,0.99837,1,0.995,0.995,2.55314,0.1472,0.99643,0.04459,0,0.26443,0.0014258,0.0014258,0.0014258
31,2095.9,0.2934,0.1274,0.12323,0.00294,0.03211,1.34282,0.99834,1,0.995,0.28375,0.99834,1,0.995,0.995,2.56799,0.25451,0.92643,0.04556,0,0.26459,0.001406,0.001406,0.001406
32,2162.1,0.28988,0.13031,0.13591,0.00281,0.04179,1.67987,0.99723,1,0.995,0.27659,0.99723,1,0.995,0.995,2.59652,0.21859,1.15892,0.04555,0,0.25863,0.0013862,0.0013862,0.0013862
33,2228.12,0.28721,0.1293,0.12896,0.0028,0.03254,1.5601,0.96437,0.96667,0.99212,0.30891,0.96437,0.96667,0.99212,0.99212,2.54518,0.20065,0.99489,0.04475,0,0.17319,0.0013664,0.0013664,0.0013664
34,2293.42,0.27303,0.12522,0.11499,0.00264,0.02927,1.61587,0.93248,1,0.99212,0.28951,0.93248,1,0.99212,0.99212,2.5646,0.1679,0.99951,0.04571,0,0.20063,0.0013466,0.0013466,0.0013466
35,2359.26,0.28453,0.12496,0.11519,0.00283,0.03295,1.36752,0.99829,1,0.995,0.29588,0.99829,1,0.995,0.995,2.56577,0.14298,1.07709,0.04513,0,0.1802,0.0013268,0.0013268,0.0013268
36,2424.91,0.27177,0.1223,0.1145,0.00262,0.03023,1.52744,0.96647,1,0.99306,0.26861,0.96647,1,0.99306,0.99306,2.65109,0.14522,1.13741,0.04757,0,0.27102,0.001307,0.001307,0.001307
37,2491.17,0.27671,0.11814,0.11673,0.0027,0.03354,1.16736,0.99831,1,0.995,0.27312,0.99831,1,0.995,0.995,2.58313,0.18846,1.00231,0.04627,0,0.16341,0.0012872,0.0012872,0.0012872
38,2557.26,0.26934,0.12085,0.12163,0.0026,0.04355,1.22867,0.99763,1,0.995,0.31118,0.99763,1,0.995,0.995,2.53212,0.16438,1.15513,0.04438,0,0.19819,0.0012674,0.0012674,0.0012674
39,2624.23,0.26175,0.12505,0.12009,0.00248,0.03725,1.17453,1,0.99975,0.995,0.2712,1,0.99975,0.995,0.995,2.62579,0.15733,1.08549,0.04609,0,0.10591,0.0012476,0.0012476,0.0012476
40,2690.62,0.25216,0.12396,0.11673,0.00241,0.03119,1.40799,0.99827,1,0.995,0.30226,0.99827,1,0.995,0.995,2.50897,0.16165,1.03156,0.04351,0,0.15692,0.0012278,0.0012278,0.0012278
41,2757.05,0.23761,0.11739,0.11206,0.00228,0.02792,1.32646,0.98963,1,0.995,0.29214,0.98963,1,0.995,0.995,2.577,0.16745,0.96777,0.04527,0,0.11261,0.001208,0.001208,0.001208
42,2823.23,0.25128,0.11948,0.10511,0.00237,0.0307,1.67092,1,0.99236,0.995,0.28843,1,0.99236,0.995,0.995,2.58523,0.17034,1.09529,0.04569,0,0.1573,0.0011882,0.0011882,0.0011882
43,2889.88,0.23298,0.12138,0.1017,0.00225,0.02778,1.25701,0.9997,1,0.995,0.27476,0.9997,1,0.995,0.995,2.61234,0.1451,1.09681,0.04623,0,0.11471,0.0011684,0.0011684,0.0011684
44,2956.38,0.23326,0.12045,0.10614,0.00217,0.03095,1.17249,1,0.99898,0.995,0.3085,1,0.99898,0.995,0.995,2.53892,0.17368,1.01571,0.04486,0,0.13216,0.0011486,0.0011486,0.0011486
45,3023.8,0.23158,0.11324,0.10793,0.00225,0.02847,1.20805,0.99832,1,0.995,0.29136,0.99832,1,0.995,0.995,2.55987,0.1685,1.01642,0.04449,0,0.10836,0.0011288,0.0011288,0.0011288
46,3090.52,0.2383,0.12165,0.11147,0.00219,0.02932,1.14279,0.99893,1,0.995,0.28844,0.99893,1,0.995,0.995,2.57481,0.18422,1.03107,0.0451,0,0.09994,0.001109,0.001109,0.001109
47,3157.72,0.21869,0.11702,0.10149,0.00214,0.02807,1.08199,0.9972,1,0.995,0.3043,0.9972,1,0.995,0.995,2.58769,0.16742,1.20446,0.04529,0,0.09297,0.0010892,0.0010892,0.0010892
48,3224.98,0.2281,0.11892,0.11148,0.00223,0.02582,1.16421,1,0.99827,0.995,0.29744,1,0.99827,0.995,0.995,2.58349,0.20814,1.04929,0.04607,0,0.08519,0.0010694,0.0010694,0.0010694
49,3291.2,0.22679,0.11501,0.10414,0.00218,0.03059,1.68803,0.99485,0.96667,0.99312,0.28792,0.99485,0.96667,0.99312,0.99312,2.57441,0.1934,1.0558,0.0457,0,0.1113,0.0010496,0.0010496,0.0010496
50,3357.73,0.22191,0.10929,0.10772,0.00213,0.02728,1.21934,0.99805,1,0.995,0.28455,0.99805,1,0.995,0.995,2.56673,0.16729,1.08865,0.04464,0,0.11944,0.0010298,0.0010298,0.0010298
51,3424.82,0.22861,0.11158,0.10415,0.00219,0.02938,1.29141,1,0.99849,0.995,0.29757,1,0.99849,0.995,0.995,2.52358,0.13967,1.08363,0.04448,0,0.08612,0.00101,0.00101,0.00101
52,3491.56,0.22093,0.11132,0.10039,0.00205,0.03086,1.29516,0.96765,0.99728,0.99403,0.29116,0.96765,0.99728,0.99403,0.99403,2.57886,0.12624,1.28503,0.04499,0,0.06785,0.0009902,0.0009902,0.0009902
53,3558.01,0.22091,0.11089,0.10246,0.00215,0.02951,1.12586,0.98451,1,0.995,0.29615,0.98451,1,0.995,0.995,2.56948,0.14581,1.11263,0.04506,0,0.0951,0.0009704,0.0009704,0.0009704
54,3624.53,0.20445,0.10675,0.09302,0.00187,0.02492,0.98881,0.99777,1,0.995,0.29907,0.99777,1,0.995,0.995,2.54117,0.15854,1.24002,0.04446,0,0.12598,0.0009506,0.0009506,0.0009506
55,3690.74,0.22589,0.11531,0.10524,0.00208,0.0317,1.27591,0.99879,1,0.995,0.2927,0.99879,1,0.995,0.995,2.56621,0.14406,1.04351,0.04508,0,0.07173,0.0009308,0.0009308,0.0009308
